<?xml version="1.0" encoding="ISO-8859-1"?>
<Racine xmlns:xsi="http://www.w3.org/2001/XMLSchema-instance" xsi:noNamespaceSchemaLocation="vsgp0101.xsd">
<IdentificationFlux>
<APPLIEME>SDP</APPLIEME>
<NUMVERSIONAPPLIEME>6200</NUMVERSIONAPPLIEME>
<TYPEFLUX>J</TYPEFLUX>
<NATFLUX>P</NATFLUX>
<DTCREAFLUX>2022-01-02</DTCREAFLUX>
<HEUCREAFLUX>19:42:00.0000</HEUCREAFLUX>
<DTREF>2022-01-01</DTREF>
<FONORG>CAF</FONORG>
<NUMORG>811</NUMORG>
</IdentificationFlux>
<InfoSuiviGrossessePMI>
<IdentificationDossier>
<Organisme>
<FONORG>CAF</FONORG>
<NUMORG>811</NUMORG>
<MATRICULE>073819400000000</MATRICULE>
</Organisme>
<Partenaire>
<TYPEPARTE>CG</TYPEPARTE>
<IDEPARTE>081</IDEPARTE>
</Partenaire>
</IdentificationDossier>
<DossierPMI>
<NOMIMAGED>/00001/IMG00001.pdf</NOMIMAGED>
<DTCREASDP>2021-12-31</DTCREASDP>
</DossierPMI>
</InfoSuiviGrossessePMI>
<TransmissionFlux>
<NBTOTDOSPMITRANSM>00001</NBTOTDOSPMITRANSM>
</TransmissionFlux>
</Racine>
